,hoi,end,Interviewer Name,Part 1 – Outlet Information,S1. City/Division,S2. Name of Outlet,S3. Outlet Address,S4. Land Mark,S5. Outlet Type,Part 2 – Main Questionnaire,Q1. Is Promo running in outlet?,Q1a. Why is Promo not running in Outlet?,Q1a. Why is Promo not running in Outlet?/Not Aware of Promo,Q1a. Why is Promo not running in Outlet?/I didn’t buy the Guinness FES/Smooth this week,Q1a. Why is Promo not running in Outlet?/I bought Guinness drinks but was not up to the required cases to run a promo,"Q1a. Why is Promo not running in Outlet?/I bought Guinness drinks, but my stock has not been delivered","Q1a. Why is Promo not running in Outlet?/I bought the required cases of Guinness drinks this week, but I didn’t get the free airtime to give out",Q1a. Why is Promo not running in Outlet?/The promo has already happened in this outlet earlier today.,"Q1a. Why is Promo not running in Outlet?/I have the free airtime, but promo will happen later this week.",Q1a. Why is Promo not running in Outlet?/BA was not available,Q1a. Why is Promo not running in Outlet?/Others,Others specify,Q1a. Why is Promo not running in Outlet?.1,Q1a. Why is Promo not running in Outlet?/Not Aware of Promo.1,Q1a. Why is Promo not running in Outlet?/I didn’t buy the Guinness FES/Smooth this week.1,Q1a. Why is Promo not running in Outlet?/I bought Guinness drinks but was not up to the required cases to run a promo.1,"Q1a. Why is Promo not running in Outlet?/I bought Guinness drinks, but my stock has not been delivered.1","Q1a. Why is Promo not running in Outlet?/I bought the required cases of Guinness drinks this week, but I didn’t get the free airtime to give out.1",Q1a. Why is Promo not running in Outlet?/The promo has already happened in this outlet earlier today..1,"Q1a. Why is Promo not running in Outlet?/I have the free airtime, but promo will happen later this week..1",Q1a. Why is Promo not running in Outlet?/Others.1,Others specify.1,Q2_1. What time did the Promo kick off in the outlet?,Q2_2. Are Consumers winning Prizes,Q2a. Are Consumers redeeming their Prizes?,Q2b. Why are Consumers not redeeming their Prizes?,Q2b. Why are Consumers not redeeming their Prizes?/Was told prizes are not available,Q2b. Why are Consumers not redeeming their Prizes?/Not aware they will win prizes,"Q2b. Why are Consumers not redeeming their Prizes?/Don’t Know, just didn’t get the prize",Q3. What are the consumer rewards offered at the outlet,Q4. Are Promo poster Available in the outlet?,Q4a. Are Posters placed in a reasonably visible (strategically placed) location?,Q4b. Please confirm if posters are in good condition,Q4b. Please confirm if posters are in good condition/Poster is in good condition,Q4b. Please confirm if posters are in good condition/Part of Poster is torn off,"Q4b. Please confirm if posters are in good condition/Poster not properly glued/pined to the wall, board etc.",Q5. Are Brand Promoters present in the outlet?,Q5a. Are Brand Promoters dressed in the specified attire?,Q6. Are Brand Promoters actively engaging Consumers at the bar?,Q6a. Are Brand Promoters showing their knowledge of the promotion by clearly explaining winning criteria to the Consumer?,Section 2 Other KPIs,Q7. Are the Guinness drinks (FES /Smooth) served chilled in the outlet when consumers place an order?,"Q8. Kindly provide the selling price of the following brands, where applicable","Q8. Kindly provide the selling price of the following brands, where applicable.1","Q8. Kindly provide the selling price of the following brands, where applicable.2","Q8. Kindly provide the selling price of the following brands, where applicable.3","Q8. Kindly provide the selling price of the following brands, where applicable.4","Q8. Kindly provide the selling price of the following brands, where applicable.5","Q8. Kindly provide the selling price of the following brands, where applicable.6",Q9. Are there other promotions/ activations going on in this outlet?,Q9a.Please provide details of Promotions/Activations.,Any other comments,THANK RESPONDENT AND CLOSE INTERVIEW,GPS Coordinate,Cordinate-Latitude,Cordinate-Longitude,_GPS Coordinate_altitude,_GPS Coordinate_precision,_id,_uuid,_submission_time,_validation_status,_notes,_status,_submitted_by,__version__,_tags,_index,street_address,place_id
38,2024-05-10 20:47:16.119,2024-05-10 23:17:47.877,Andrew Opeyemi, ,North,MJ Bar and Garden,Opposite Jos Business School Rayfield,Rayfield,Self-Run, ,No, , , , , , , , , , , ,Not Aware of Promo,1, , , , , , , , , , , , , , , , , , , , , , , , , , , , , , , , , , , , , , , ,9.8586248 8.9013333 1296.2000732421875 4.051,9.8586248,8.9013333,1296.20007324219,4.051,337894879,5f9aac69-a736-4878-8dea-5e8fe85d5406,2024-05-10 22:28:41, , ,submitted_via_web,folahann,veo69XEy4jTy669ZhXehWz, ,39,,
36,2024-05-10 19:58:19.716,2024-05-10 23:18:48.434,Andrew Opeyemi, ,North,Iexplore,Rayfield,Rayfield,Self-Run, ,No, , , , , , , , , , , ,Not Aware of Promo,1, , , , , , , , , , , , , , , , , , , , , , , , , , , , , , , , , , , , , , , ,9.838283 8.8984371 1286.3 4.775,9.838283,8.8984371,1286.3,4.775,337894870,b298d62d-2be1-41ba-98e2-c0bc062a426f,2024-05-10 22:28:35, , ,submitted_via_web,folahann,veo69XEy4jTy669ZhXehWz, ,37,"23319 Barkin Ladi Rd, Jos 930103, Plateau, Nigeria",EiIyMzMxOSBCYXJraW4gTGFkaSBSZCwgSm9zLCBOaWdlcmlhIhwSGgoUChIJGxgL1050UxARmb5Eson9k9AQl7YB
39,2024-05-10 19:18:27.334,2024-05-10 23:21:31.029,Patience Ebenezer, ,North,Millennium Village Garden,"Area 1 Junction, Rayfield","Area 1 Junction, Rayfield",Self-Run, ,No, , , , , , , , , , , ,Not Aware of Promo,1, , , , , , , , , , , , , , , , , , , , , , , , , , , , , , , , , , , , , , , ,9.832881 8.8922798 1258.7 4.82,9.832881,8.8922798,1258.7,4.82,337894909,38e2f243-a746-4658-9ebd-c447149533c3,2024-05-10 22:29:04, , ,submitted_via_web,folahann,veo69XEy4jTy669ZhXehWz, ,40,"1 Rayfield Rd, Jos 930103, Plateau, Nigeria",EhsxIFJheWZpZWxkIFJkLCBKb3MsIE5pZ2VyaWEiGhIYChQKEglpbmSFTXRTEBGfC8GibGdzmRAB
40,2024-05-10 19:36:03.598,2024-05-10 23:21:17.146,Patience Ebenezer, ,North,Ann-Breeze,"Area 1 Junction, Rayfield",Rayfield,Self-Run, ,No, , , , , , , , , , , ,Others, , , , , , , ,1,"Promo do run only on weekends, but the Brand Ambassadors running the promo are not available today.", , , , , , , , , , , , , , , , , , , , , , , , , , , , , , , ,9.8326021 8.893448 1298.3 4.7,9.8326021,8.893448,1298.3,4.7,337894911,51c222c9-fa32-4ccc-be02-6f5e91539b38,2024-05-10 22:29:05, , ,submitted_via_web,folahann,veo69XEy4jTy669ZhXehWz, ,41,,
37,2024-05-10 20:26:42.747,2024-05-10 23:18:28.527,Andrew Opeyemi, ,North,Jane's Garden,Shinko Road Rayfield,Rayfield,Self-Run, ,No, , , , , , , , , , , ,Not Aware of Promo,1, , , , , , , , , , , , , , , , , , , , , , , , , , , , , , , , , , , , , , , ,9.82107 8.8890683 1289.4000244140625 4.3,9.82107,8.8890683,1289.40002441406,4.3,337894877,ed09d2be-656d-4d45-a765-b560074fc140,2024-05-10 22:28:40, , ,submitted_via_web,folahann,veo69XEy4jTy669ZhXehWz, ,38,,
59,2024-05-11 17:15:44.277,2024-05-11 17:22:35.182,Nuhu adaba , ,North,Sharpe corner,Jambutu ,Behind saint John de cross ,BA Led Outlets, ,Yes, , , , , , , , , , , , , , , , , , , , , ,5PM-6PM,Yes,Yes, , , , ,Recharge card and buy two to get one,Yes,Yes,Poster is in good condition,1, , ,Yes,Yes,Yes,Yes, ,Yes,600,800,800,1000,600,800,700,No, ,No any other promotion going on except that of fes and smooth , ,9.2868999 12.4212133 183.39999999999998 4.157,9.2868999,12.4212133,183.4,4.157,338094149,cfe8a8de-fb10-44f1-8141-90931ff006ff,2024-05-11 16:40:25, , ,submitted_via_web,folahann,veo69XEy4jTy669ZhXehWz, ,60,,
5,2024-05-10 18:19:32.314,2024-05-10 18:25:06.009,Nuhu adaba, ,North,Bright Star hotel,21 barrack road,Opposite Adamawa state house of assembly,Self-Run, ,Yes, , , , , , , , , , , , , , , , , , , , , ,5PM-6PM,Yes,Yes, , , , ,Recharge card,No, , , , , , , , , , ,Yes,600,900,900,1000,700,1000,1000,No, ,No any other promo going on, ,9.2801949 12.4440549 180.7 4.9,9.2801949,12.4440549,180.7,4.9,337837132,baf5bc3c-5ae3-4194-aacd-6d410433ac5e,2024-05-10 17:25:17, , ,submitted_via_web,folahann,veo69XEy4jTy669ZhXehWz, ,6,"27 Bauchi St, Jimeta, 640101, Adamawa, Nigeria",Eh0yNyBCYXVjaGkgU3QsIEppbWV0YSwgTmlnZXJpYSIaEhgKFAoSCXuj__spa_wQESwL3alaqzayEBs
8,2024-05-10 18:27:18.434,2024-05-10 18:32:33.791,Nuhu adaba , ,North,Maigemu bar,119 Owerri street jimeta yola ,Close to madam state,Self-Run, ,Yes, , , , , , , , , , , , , , , , , , , , , ,5PM-6PM,Yes,Yes, , , , ,Recharge card ,No, , , , , , , , , , ,Yes,700,900,900,1000,700,800,700,No, ,No any other promo going on , ,9.2785656 12.4340443 186.29999999999998 4.84,9.2785656,12.4340443,186.3,4.84,337840208,9d08c797-81a5-4074-853a-94245c76082f,2024-05-10 17:38:29, , ,submitted_via_web,folahann,veo69XEy4jTy669ZhXehWz, ,9,,
7,2024-05-10 18:32:38.523,2024-05-10 18:38:16.228,Nuhu adaba, ,North,Bonanza guest house,No 14 wukari street jimeta yola,Close to jimeta market,Self-Run, ,Yes, , , , , , , , , , , , , , , , , , , , , ,6PM-7PM,Yes,Yes, , , , ,Recharge card,No, , , , , , , , , , ,Yes,700,900,900,1000,650,800,700,No, ,No any other promotion going on here, ,9.2785003 12.4342469 189.6 4.16,9.2785003,12.4342469,189.6,4.16,337840206,1a662116-d59f-49b3-b64c-e815d05e6adf,2024-05-10 17:38:28, , ,submitted_via_web,folahann,veo69XEy4jTy669ZhXehWz, ,8,,
3,2024-05-10 18:11:11.223,2024-05-10 18:18:31.678,Nuhu adaba , ,North,Adega nite club,Luggere area jimeta yola,lccn alheri,Self-Run, ,Yes, , , , , , , , , , , , , , , , , , , , , ,6PM-7PM,Yes,Yes, , , , ,Recharge card,No, , , , , , , , , , ,Yes,600,800,800,900,700,800,600,Yes,Goldbery are doing 2 to get 1,Buy 2 to get 1 free, ,9.2773991 12.4497098 184.2 4.38,9.2773991,12.4497098,184.2,4.38,337835471,32397d96-2a3e-454c-822f-0591020f9fc0,2024-05-10 17:18:47, , ,submitted_via_web,folahann,veo69XEy4jTy669ZhXehWz, ,4,"101 Bishop Street, Jimeta, 640101, Adamawa, Nigeria",ChIJe74vBSZr_BARIYKPQ10P4N0
61,2024-05-11 17:51:39.819,2024-05-11 17:58:47.806,Nuhu adaba, ,North,1759 bar,Sangere bode,Numan road,BA Led Outlets, ,Yes, , , , , , , , , , , , , , , , , , , , , ,5PM-6PM,Yes,Yes, , , , ,Recharge card and buy two to get one,Yes,Yes,Poster is in good condition,1, , ,Yes,Yes,Yes,Yes, ,Yes,600,800,800,900,700,900,700,No, ,No any other promotion going on, ,9.2668029 12.4462795 198.6 4.95,9.2668029,12.4462795,198.6,4.95,338098292,be1ccc09-c4fb-4a86-933c-0085556cb296,2024-05-11 16:58:55, , ,submitted_via_web,folahann,veo69XEy4jTy669ZhXehWz, ,62,"2 Bank Road, opposite Lamido cinema, Yola, Jimeta 640101, Adamawa, Nigeria",ChIJiwHgFjFr_BARvrQNcAT8Sd8
11,2024-05-10 18:56:45.894,2024-05-10 19:01:58.513,Matsunde Paul, ,North,Ibom plaza,Bachure jimeta yola,Army barracks gate,Self-Run, ,Yes, , , , , , , , , , , , , , , , , , , , , ,7PM-8PM,Yes,Yes, , , , ,Recharge card,No, , , , , , , , , , ,Yes,600,800,800,900,650,800,700,No, ,No any other promotion going on here, ,9.2582809 12.4223354 173.5 4.98,9.2582809,12.4223354,173.5,4.98,337847166,ac5ea2eb-bcea-451b-978b-b5fc189edef8,2024-05-10 18:02:22, , ,submitted_via_web,folahann,veo69XEy4jTy669ZhXehWz, ,12,,
34,2024-05-10 22:00:13.003,2024-05-10 22:03:43.800,ADAGBA ISAAC , ,North,NEXT LEVEL ,ZONE 6 WUSE ,High court,Self-Run, ,No, , , , , , , , , , , ,I didn’t buy the Guinness FES/Smooth this week Not Aware of Promo,1,1, , , , , , , , , , , , , , , , , , , , , , , , , , , , , , , , , , , , , , ,9.0694664 7.4593885 488.6000061035156 4.756,9.0694664,7.4593885,488.600006103516,4.756,337891425,199b4531-cfbe-46ae-97ee-824a06ee9a4e,2024-05-10 21:57:10, , ,submitted_via_web,folahann,veo69XEy4jTy669ZhXehWz, ,35,"blk11 Maseru St, Wuse, Abuja 904101, Federal Capital Territory, Nigeria",ChIJI34jAOAKThAR0Vy_PtyMW5I
35,2024-05-10 22:51:34.169,2024-05-10 22:56:32.960,ADAGBA ISAAC , ,North,TAMARA GUEST INN,No 9 IDIMBA STREET OFF ABIJAN STREET ZONE 3 WUSE,Neighbourhood plaza,Self-Run, ,No, , , , , , , , , , , ,Not Aware of Promo,1, , , , , , , , , , , , , , , , , , , , , , , , , , , , , , , , , , , , , , , ,9.0606898 7.4724772 511.6999816894531 3.9,9.0606898,7.4724772,511.699981689453,3.9,337891429,12dc8761-077c-44c5-9f81-5d676feb05d7,2024-05-10 21:57:11, , ,submitted_via_web,folahann,veo69XEy4jTy669ZhXehWz, ,36,"9 Abijan St, Wuse, Abuja 904101, Federal Capital Territory, Nigeria",ChIJq1prHwULThARKsit0BsjFN4
33,2024-05-10 21:08:52.384,2024-05-10 21:14:24.448,ADAGBA ISAAC , ,North,ONATRIX ( PAL EXCELLENCE WATER FALL PARK),"AFTER IBRO HOTEL, MICHAEL OPARA WAY ZONE 5",CLOSE TO IBRO HOTEL ,Self-Run, ,No, , , , , , , , , , , ,Not Aware of Promo,1, , , , , , , , , , , , , , , , , , , , , , , , , , , , , , , , , , , , , , , ,9.05805 7.4575267 473.459 3.9,9.05805,7.4575267,473.459,3.9,337891424,ef4fd966-f9a8-410e-a06c-75314e89088d,2024-05-10 21:57:07, , ,submitted_via_web,folahann,veo69XEy4jTy669ZhXehWz, ,34,"2044 Michael Okpara St, Wuse, Abuja 904101, Federal Capital Territory, Nigeria",EiwyMDQ0IE1pY2hhZWwgT2twYXJhIFN0LCBXdXNlLCBBYnVqYSwgTmlnZXJpYSIbEhkKFAoSCVtBwEs9C04QEXPdNmrFe21yEPwP
53,2024-05-10 18:31:18.878,2024-05-10 18:32:33.407,Jerry Etim , ,North,10:30 Royal ,Aso Road Mararaba ,Aso B,Self-Run, ,No, , , , , , , , , , , ,Others, , , , , , , ,1,Has no idea , , , , , , , , , , , , , , , , , , , , , , , , , , , , , , , ,9.056077 7.5788975 0.0 0.0,9.056077,7.5788975, , ,338007343,116e259a-3644-4cae-9900-f8bd7b8b3733,2024-05-11 10:59:25, , ,submitted_via_web,folahann,veo69XEy4jTy669ZhXehWz, ,54,,
54,2024-05-10 19:35:17.348,2024-05-10 19:37:28.910,Jerry Etim , ,North,Hot plus Kafi ,Abacha Road Mararaba ,Abacha Road ,Self-Run, ,No, , , , , , , , , , , ,Others, , , , , , , ,1,Attendant replied no promo , , , , , , , , , , , , , , , , , , , , , , , , , , , , , , , ,9.056077 7.5788975 0.0 0.0,9.056077,7.5788975, , ,338007347,76d33efd-64ab-48a6-9af6-2085779c5968,2024-05-11 10:59:26, , ,submitted_via_web,folahann,veo69XEy4jTy669ZhXehWz, ,55,,
55,2024-05-10 20:14:18.346,2024-05-10 20:15:30.365,Jerry Etim , ,North,"Nwayinawka Bar
",Eco bank Nyanya ,Nyanya ,Self-Run, ,No, , , , , , , , , , , ,Others, , , , , , , ,1,No idea , , , , , , , , , , , , , , , , , , , , , , , , , , , , , , , ,9.056077 7.5788975 0.0 0.0,9.056077,7.5788975, , ,338007362,0ae5fc1e-c8c9-46b7-8bc8-30a4c2bba14b,2024-05-11 10:59:29, , ,submitted_via_web,folahann,veo69XEy4jTy669ZhXehWz, ,56,,
56,2024-05-10 18:40:51.394,2024-05-10 18:42:57.246,HYACINTH TERHEMBA, ,North,A Z SPOT & LOUNGE,Opposite ECO BANK NYANYA ABUJA,ECO BANK,Self-Run, ,No, , , , , , , , , , , ,Others, , , , , , , ,1,Not aware of any on going promo, , , , , , , , , , , , , , , , , , , , , , , , , , , , , , , ,9.056077 7.5788975 0.0 0.0,9.056077,7.5788975, , ,338044930,2d4973c9-5f7a-49ea-8cc9-fd964c9c0d5c,2024-05-11 13:20:28, , ,submitted_via_web,folahann,veo69XEy4jTy669ZhXehWz, ,57,,
57,2024-05-10 18:57:33.302,2024-05-10 19:11:52.563,HYACINTH TERHEMBA, ,North,C K & D HOTEL ,"AREA A, JUNCTION NYANYA ABUJA",AREA A JUNCTION,Self-Run, ,No, , , , , , , , , , , ,I bought Guinness drinks but was not up to the required cases to run a promo, , ,1, , , , , , , , , , , , , , , , , , , , , , , , , , , , , , , , , , , , , ,9.056077 7.5788975 0.0 0.0,9.056077,7.5788975, , ,338044932,0ef9d2cb-78e5-404b-ac19-f9160f56dade,2024-05-11 13:20:29, , ,submitted_via_web,folahann,veo69XEy4jTy669ZhXehWz, ,58,,
58,2024-05-10 19:40:11.614,2024-05-10 19:43:05.862,HYACINTH TERHEMBA, ,North,REAL FORTE LOUNGE,"AREA A,  NYANYA ABUJA",CK & D HOTEL,Self-Run, ,No, , , , , , , , , , , ,I bought Guinness drinks but was not up to the required cases to run a promo, , ,1, , , , , , , , , , , , , , , , , , , , , , , , , , , , , , , , , , , , , ,9.056077 7.5788975 0.0 0.0,9.056077,7.5788975, , ,338044936,0c319b1d-3e3f-444b-81f1-16830f56dca9,2024-05-11 13:20:30, , ,submitted_via_web,folahann,veo69XEy4jTy669ZhXehWz, ,59,,
1,2024-05-10 17:27:22.044,2024-05-10 17:33:19.364,Joab Jarumi Dachor , ,North,Tikado Hotel ,"Opposite Aso C junction, Gbadalape",Tikado Hotel ,Self-Run, ,No, , , , , , , , , , , ,Not Aware of Promo,1, , , , , , , , , , , , , , , , , , , , , , , , , , , , , , , , , , , , , , , ,9.0543297 7.5813964 486.90000000000003 3.916,9.0543297,7.5813964,486.9,3.916,337822676,166f76d0-3848-43d4-b93a-0e5b6a76b7a3,2024-05-10 16:33:34, , ,submitted_via_web,folahann,veo69XEy4jTy669ZhXehWz, ,2,,
2,2024-05-10 18:06:49.452,2024-05-10 18:15:46.376,Joab Jarumi Dachor , ,North,Stainless Garden ,Behind Chisco Transport Nigeria Limited ,NNPC Filling Station,Self-Run, ,Yes, , , , , , , , , , , , , , , , , , , , , ,6PM-7PM,Yes,Yes, , , , ,Recharge Cards ,Yes,Yes,"Poster not properly glued/pined to the wall, board etc. Poster is in good condition",1, ,1, , , , , ,Yes,800,900,900,1000,1000,1200,1200,Yes,Tiger Lager Beer ,Job completed , ,9.0297382 7.586527 459.8 4.491,9.0297382,7.586527,459.8,4.491,337834700,e54a4faa-c4bf-499b-851d-1e51f7b13440,2024-05-10 17:15:55, , ,submitted_via_web,folahann,veo69XEy4jTy669ZhXehWz, ,3,,
9,2024-05-10 18:36:34.561,2024-05-10 18:42:36.152,Joab Jarumi Dachor , ,North,Lala's Garden ,"No 15 Jos road, off Abacha Road ",Nelseno Hotel ,Self-Run, ,No, , , , , , , , , , , ,Not Aware of Promo,1, , , , , , , , , , , , , , , , , , , , , , , , , , , , , , , , , , , , , , , ,9.0235003 7.5861246 442.3 4.65,9.0235003,7.5861246,442.3,4.65,337841419,87d21fb8-69c1-4117-a57c-e57db98ce353,2024-05-10 17:42:49, , ,submitted_via_web,folahann,veo69XEy4jTy669ZhXehWz, ,10,"2 Jos Rd, Ado 900101, Federal Capital Territory, Nigeria",ChIJi7nNOssIThARZgfjRygNDqw
73,2024-05-11 19:24:15.024,2024-05-11 19:29:48.059,Ibrahim Abdulfattah Olusina , ,West,Marvelous hotel ,Asa dam road along egbejila Ilorin Kwara State ,Agaka filling station ,Self-Run, ,No, , , , , , , , , , , ,Not Aware of Promo,1, , , , , , , , , , , , , , , , , , , , , , , , , , , , , , , , , , , , , , , ,8.4537086 4.5281249 354.0 3.76,8.4537086,4.5281249,354,3.76,338117412,28c91ec0-a13b-4818-a628-191b529869d2,2024-05-11 18:45:58, , ,submitted_via_web,folahann,veo69XEy4jTy669ZhXehWz, ,74,"2 Dipo Akinosi Road, Ilorin 240281, Kwara, Nigeria",ChIJpQJ7QCytNxARq32Jc35Ac1k
72,2024-05-11 19:10:18.900,2024-05-11 19:12:58.754,Ibrahim Abdulfattah Olusina , ,West,Solid worth hotel ,Along asa dam egbejila road Ilorin Kwara State ,Agaka filling station ,Self-Run, ,No, , , , , , , , , , , ,Not Aware of Promo,1, , , , , , , , , , , , , , , , , , , , , , , , , , , , , , , , , , , , , , , ,8.4512711 4.5293109 367.9 4.633,8.4512711,4.5293109,367.9,4.633,338117410,cb844f88-0356-4f65-b942-e28174c3ffd9,2024-05-11 18:45:57, , ,submitted_via_web,folahann,veo69XEy4jTy669ZhXehWz, ,73,,
71,2024-05-11 18:34:28.364,2024-05-11 18:37:00.089,Ibrahim Abdulfattah Olusina , ,West,Triumph Hotel ,Asa dam road beside redeem Christian church of God Ilorin Kwara State ,Dangote company ,Self-Run, ,No, , , , , , , , , , , ,Not Aware of Promo,1, , , , , , , , , , , , , , , , , , , , , , , , , , , , , , , , , , , , , , , ,8.4492633 4.5444867 360.0 3.9,8.4492633,4.5444867,360,3.9,338117408,dd44b4fc-9699-401f-9549-e1d84b543b75,2024-05-11 18:45:57, , ,submitted_via_web,folahann,veo69XEy4jTy669ZhXehWz, ,72,,
30,2024-05-10 17:57:35.225,2024-05-10 18:10:08.703,Olalemi Samuel , ,West,Oscar cool spot ,Olaiya area Osogbo ,Alekuwodo,Self-Run, ,No, , , , , , , , , , , ,Others, , , , , , , ,1,"The Man isn't aware of any promo, and as for the signs post that shows his name, the man said it had been destroyed by heavy wind. So I only took the outside picture ", , , , , , , , , , , , , , , , , , , , , , , , , , , , , , , ,7.7889279 4.5768284 357.8999938964844 4.9,7.7889279,4.5768284,357.899993896484,4.9,337891013,6bd7645c-92a4-4402-8e48-e9d864088761,2024-05-10 21:54:36, , ,submitted_via_web,folahann,veo69XEy4jTy669ZhXehWz, ,31,,
31,2024-05-10 18:19:19.830,2024-05-10 18:22:30.415,Olalemi Samuel , ,West,Iyalaje cool spot ( iyalaje kitchen),"Aderin road,Iludun area Osogbo ",Iludun,Self-Run, ,No, , , , , , , , , , , ,Others, , , , , , , ,1,"The woman was so furious, that she never received any benefits from Guinness and nothing like promo as well ", , , , , , , , , , , , , , , , , , , , , , , , , , , , , , , ,7.7843714 4.5798248 357.8999938964844 5.0,7.7843714,4.5798248,357.899993896484,5,337891015,0c7bbd93-817a-4b16-ab11-f654cf1e5138,2024-05-10 21:54:36, , ,submitted_via_web,folahann,veo69XEy4jTy669ZhXehWz, ,32,"61 Fatoki St, Osogbo 230284, Osun, Nigeria",ChIJRcXBHWuINxARADWRXrA6LxE
32,2024-05-10 18:40:55.410,2024-05-10 18:45:05.155,Olalemi Samuel , ,West,Channel 10,"Km 23, Ilesha garage Osogbo ",Ilesha garage ,Self-Run, ,No, , , , , , , , , , , ,Others, , , , , , , ,1,He said the sign post was remove because of the government task on them. And there's no promo ongoing , , , , , , , , , , , , , , , , , , , , , , , , , , , , , , , ,7.7408606 4.5810505 348.7 5.0,7.7408606,4.5810505,348.7,5,337891018,44b11e3b-3419-4d8e-8115-e93057d04ab4,2024-05-10 21:54:36, , ,submitted_via_web,folahann,veo69XEy4jTy669ZhXehWz, ,33,"3 Oshogbo - Ilesha Rd, Osogbo 230284, Osun, Nigeria",EiYzIE9zaG9nYm8gLSBJbGVzaGEgUmQsIE9zb2dibywgTmlnZXJpYSIaEhgKFAoSCctxCd_qJzgQEccHz2XGN_dpEAM
0,2024-05-10 17:00:15.886,2024-05-10 17:04:26.966,Opeyemi Oluwatobi , ,West,Platnum,"Awolowo junction, Bodija, Ibadan ","Awolowo Avenue, opposite UBA bank, Awolowo, Ibadan ",Self-Run, ,No, , , , , , , , , , , ,Not Aware of Promo,1, , , , , , , , , , , , , , , , , , , , , , , , , , , , , , , , , , , , , , , ,7.4168539 3.9104567 236.1999969482422 4.985,7.4168539,3.9104567,236.199996948242,4.985,337812561,b0a24393-5e80-4a73-bb9d-85ea4ec23422,2024-05-10 16:04:36, , ,submitted_via_web,folahann,veo69XEy4jTy669ZhXehWz, ,1,"1 Awolowo Ave, Mokola Hill, Ibadan 200285, Oyo, Nigeria",ChIJE37X8auSORARUtRvuqGPfOk
17,2024-05-10 17:21:35.735,2024-05-10 17:24:13.727,Opeyemi Oluwatobi , ,West,324-Net Bar (Now-Papi Emma cool spot),"By custom, Ikolaba estate road, Secretariat road, custom ","Custom office, Agidi, Ibadan ",Self-Run, ,No, , , , , , , , , , , ,Not Aware of Promo Others,1, , , , , , ,1,The name of the outlet has been changed from Net Bar to Papi Emma cool spot , , , , , , , , , , , , , , , , , , , , , , , , , , , , , , , ,7.4136959 3.9141327 240.59999084472656 4.83,7.4136959,3.9141327,240.599990844727,4.83,337854198,7b109de0-9619-4737-80c8-5be62162137b,2024-05-10 18:26:36, , ,submitted_via_web,folahann,veo69XEy4jTy669ZhXehWz, ,18,"2 Olupitan St, Ikolaba Rd, Ibadan 200285, Oyo, Nigeria",ChIJ01tE-a6SORARDa89XhBgR04
18,2024-05-10 17:42:28.588,2024-05-10 17:45:08.468,Opeyemi Oluwatobi , ,West,309-Bottles Republic ,"Adjacent UCH second Gate, Secretariat road, Agodi, Ibadan ","UCH/Oyo State Secretariat, Ibadan ",Self-Run, ,No, , , , , , , , , , , ,Not Aware of Promo,1, , , , , , , , , , , , , , , , , , , , , , , , , , , , , , , , , , , , , , , ,7.4040155 3.9102443 245.5 4.283,7.4040155,3.9102443,245.5,4.283,337854202,c122c2d5-d2c9-4c27-a701-a9f5e7b63841,2024-05-10 18:26:37, , ,submitted_via_web,folahann,veo69XEy4jTy669ZhXehWz, ,19,,
4,2024-05-10 18:00:47.362,2024-05-10 18:22:38.690,Opeyemi bamidele, ,West,Alebi moon Citi hotel,Opp king and queen college old ife road ibadan,King and queen college,Self-Run, ,No, , , , , , , , , , , ,Others, , , , , , , ,1,I don't know anything about promo, , , , , , , , , , , , , , , , , , , , , , , , , , , , , , , ,7.39198 3.9334988 0.0 2299.999,7.39198,3.9334988, ,2299.999,337836505,021f3a15-e6a1-4f8a-aee4-dbe0b64bfe17,2024-05-10 17:23:19, , ,submitted_via_web,folahann,veo69XEy4jTy669ZhXehWz, ,5,"2 Rd 511, Ibadan 200113, Oyo, Nigeria",ChIJYbSTku6SORARhogoGovSyos
12,2024-05-10 19:09:27.690,2024-05-10 19:19:19.974,Opeyemi bamidele, ,West,328-Jeun soke,Opp prizetol filling station yemetu aladorin ibadan,First bank,Self-Run, ,No, , , , , , , , , , , ,Others, , , , , , , ,1,Guinness protect is not fast in this area, , , , , , , , , , , , , , , , , , , , , , , , , , , , , , , ,7.3909015 3.9026073 0.0 1000.0,7.3909015,3.9026073, ,1000,337852332,1b20976b-2490-47a0-8adf-7da87e4521ec,2024-05-10 18:19:34, , ,submitted_via_web,folahann,veo69XEy4jTy669ZhXehWz, ,13,"5 Salem St, Ibadan 200285, Oyo, Nigeria",Ehs1IFNhbGVtIFN0LCBJYmFkYW4sIE5pZ2VyaWEiGhIYChQKEgk7PzlpY405EBHvfo5Rz4UwxhAF
43,2024-05-10 18:27:17.189,2024-05-10 18:34:46.485,Abideen , ,West,194. Sir P,"Opposite Arocom junction, Olomore, Abeokuta (Opposite Sadeep Mega Petroleum Filling station, Olomore, Abeokuta)",Sadeep Mega Petroleum Filling station,Self-Run, ,No, , , , , , , , , , , ,Not Aware of Promo,1, , , , , , , , , , , , , , , , , , , , , , , , , , , , , , , , , , , , , , , ,7.1487182 3.3119828 -54.605 3.9,7.1487182,3.3119828,-54.605,3.9,337933946,4149fea0-83cd-4a5a-bc20-d68dc46405e7,2024-05-11 05:34:09, , ,submitted_via_web,folahann,veo69XEy4jTy669ZhXehWz, ,44,"100 Federal Housing Estate Road, Abeokuta 111105, Ogun State, Nigeria",EjIxMDAgRmVkZXJhbCBIb3VzaW5nIEVzdGF0ZSBSb2FkLCBBYmVva3V0YSwgTmlnZXJpYSIaEhgKFAoSCeOfka45TDoQEUVd6lRViGR2EGQ
44,2024-05-10 19:26:20.007,2024-05-10 19:47:45.305,Abideen , ,West,87. KS Place Bar,"Lalubu street, Beside Diamond bank, Oke Ilewo, Abeokuta (Lalubu street, beside Access Bank, Oke Ilewo, Abeokuta)",Access bank,BA Led Outlets, ,Yes, , , , , , , , , , , , , , , , , , , , , ,5PM-6PM,Yes,Yes, , , , ,One bottle free,No, , , , , ,Yes,Yes,Yes,Yes, ,Yes,700,1000,1000,1200,700,1000,1000,No, ,Successfully checked, ,7.1356436 3.3369001 94.20000457763672 6.176,7.1356436,3.3369001,94.2000045776367,6.176,337933947,6c9ca1d8-0b55-47a1-b2e3-f1312f70cb77,2024-05-11 05:34:09, , ,submitted_via_web,folahann,veo69XEy4jTy669ZhXehWz, ,45,"16 LALUBU STREET OKE-ILEWO, Ibara, Abeokuta 111102, Ogun State, Nigeria",EjQxNiBMQUxVQlUgU1RSRUVUIE9LRS1JTEVXTywgSWJhcmEsIEFiZW9rdXRhLCBOaWdlcmlhIhoSGAoUChIJBTHvmndMOhARWJgHgHS-6T0QEA
42,2024-05-10 17:40:51.565,2024-05-10 17:45:53.358,Abideen , ,West,195. Dementors Bar,"Opeoluwa road, close to Bayak Filling station (Opeoluwa road, close to Bayak Filling station, Ita Oshin)",Bayak Filling station ,Self-Run, ,No, , , , , , , , , , , ,Others, , , , , , , ,1,"We are not planning any promo for this weekend. We've done some promos in the past like Smirnoff and Goldberg but for now, no promo", , , , , , , , , , , , , , , , , , , , , , , , , , , , , , , ,7.1356292 3.3046894 108.686 3.9,7.1356292,3.3046894,108.686,3.9,337933944,4c619302-3c30-4dc4-b06f-c1c84b4fc755,2024-05-11 05:34:08, , ,submitted_via_web,folahann,veo69XEy4jTy669ZhXehWz, ,43,,
45,2024-05-10 20:03:57.095,2024-05-10 20:06:05.742,Abideen , ,West,192. Royal Mandarin ,"Micron close, beside NUT complex, Abeokuta",NUT Complex,Self-Run, ,No, , , , , , , , , , , ,Not Aware of Promo,1, , , , , , , , , , , , , , , , , , , , , , , , , , , , , , , , , , , , , , , ,7.1312892 3.3529537 120.30000305175781 3.9,7.1312892,3.3529537,120.300003051758,3.9,337933950,efc6d2c7-fe50-4c49-96f3-c8fa1edbaee0,2024-05-11 05:34:10, , ,submitted_via_web,folahann,veo69XEy4jTy669ZhXehWz, ,46,,
41,2024-05-10 17:01:40.164,2024-05-10 17:09:28.756,Abideen , ,West,196. ST. Sanyaolu Hotel ,"Beside SARS Office, Obada, Abeokuta",SARS Office,Self-Run, ,No, , , , , , , , , , , ,Others, , , , , , , ,1,None of my bosses has informed me about any promo coming up soon, , , , , , , , , , , , , , , , , , , , , , , , , , , , , , , ,7.0744644 3.2928495 90.9000015258789 8.217,7.0744644,3.2928495,90.9000015258789,8.217,337933943,af85ccac-0810-4dc9-b0f2-2862c8f9ed26,2024-05-11 05:34:08, , ,submitted_via_web,folahann,veo69XEy4jTy669ZhXehWz, ,42,,
20,2024-05-10 18:08:32.053,2024-05-10 18:14:51.284,Chika , ,Lagos,Miyaky  Garden ,53/54 danni Balogun street off Abule egba ,Opposite obkas hotel & suits ,Self-Run, ,No, , , , , , , , , , , ,Not Aware of Promo I bought Guinness drinks but was not up to the required cases to run a promo,1, ,1, , , , , , , , , , , , , , , , , , , , , , , , , , , , , , , , , , , , , ,6.6646863 3.3062629 73.1 4.04,6.6646863,3.3062629,73.1,4.04,337861210,1489039a-5127-42fe-b31d-5d7459ff2fa5,2024-05-10 18:57:35, , ,submitted_via_web,folahann,veo69XEy4jTy669ZhXehWz, ,21,"50 Olawale Jegede St, Ifako-Ijaiye, Agege 101232, Lagos, Nigeria",ChIJ71f3hdqWOxARsdli25CzK_8
22,2024-05-10 19:04:31.795,2024-05-10 19:07:49.708,Chika , ,Lagos,Platinum lounge ,3 chief adeominuga street off charity roads ,Holy Ebenezer church ,Self-Run, ,No, , , , , , , , , , , ,Not Aware of Promo,1, , , , , , , , , , , , , , , , , , , , , , , , , , , , , , , , , , , , , , , ,6.6534674 3.3111695 69.5 6.92,6.6534674,3.3111695,69.5,6.92,337861214,a1d24fd1-039c-42bd-a687-2bb6c9926f09,2024-05-10 18:57:37, , ,submitted_via_web,folahann,veo69XEy4jTy669ZhXehWz, ,23,"1 Social Club Road, Ifako-Ijaiye, Lagos 101232, Lagos, Nigeria",EjAxIFNvY2lhbCBDbHViIFJvYWQsIElmYWtvLUlqYWl5ZSwgTGFnb3MsIE5pZ2VyaWEiGhIYChQKEgnzWwkmzZY7EBFdBWdiW_FPpBAB
21,2024-05-10 18:47:07.582,2024-05-10 18:49:23.112,Chika , ,Lagos,Lounge 526,46 Charity road 52 progress college ,Opposite grand shopping mall,Self-Run, ,No, , , , , , , , , , , ,Not Aware of Promo I didn’t buy the Guinness FES/Smooth this week,1,1, , , , , , , , , , , , , , , , , , , , , , , , , , , , , , , , , , , , , , ,6.6524501 3.3105683 80.1 3.94,6.6524501,3.3105683,80.1,3.94,337861211,70fe5a22-c80e-484b-9d3c-277289efc595,2024-05-10 18:57:36, , ,submitted_via_web,folahann,veo69XEy4jTy669ZhXehWz, ,22,"58 Charity Rd, Ifako-Ijaiye, Lagos 101232, Lagos, Nigeria",ChIJ51Mf0jKROxARK4md0Vw8-8E
14,2024-05-10 17:51:04.815,2024-05-10 19:22:35.880,Fabulous, ,Lagos,Best Choice Bar,"Dele Ogundele Street, Oregun Ikeja",Oregun bus stop,Self-Run, ,No, , , , , , , , , , , ,Others, , , , , , , ,1,She coming back to tell her how to do it., , , , , , , , , , , , , , , , , , , , , , , , , , , , , , , ,6.6354564 3.3453362 51.5 4.925,6.6354564,3.3453362,51.5,4.925,337853134,76988932-2040-498c-b86b-31f7b6aa26d7,2024-05-10 18:22:58, , ,submitted_via_web,folahann,veo69XEy4jTy669ZhXehWz, ,15,"1b Isheri Rd, Ogba, Lagos 100218, Lagos, Nigeria",ChIJHy_yk-aTOxARg-KVO9XFWEU
15,2024-05-10 18:36:06.175,2024-05-10 19:12:05.963,Fabulous, ,Lagos,Oregun Pleasure Garden,"14, Olarenwaju Street Oregun Ikeja",Oregun Bus Stop,Self-Run, ,No, , , , , , , , , , , ,Others, , , , , , , ,1,"They just post the banner here, said they are coming back.", , , , , , , , , , , , , , , , , , , , , , , , , , , , , , , ,6.6233526 3.3526896 54.1 5.0,6.6233526,3.3526896,54.1,5,337853143,3ecf30ae-87b7-4619-8b0e-348d830995e7,2024-05-10 18:22:59, , ,submitted_via_web,folahann,veo69XEy4jTy669ZhXehWz, ,16,"21 Hakeem Balogun St, Alausa, Ikeja 101233, Lagos, Nigeria",ChIJP7xISsSTOxAR5khBlt1g2kk
60,2024-05-11 17:11:53.069,2024-05-11 17:41:46.938,Fabulous, ,Lagos,Neighbors Bar,"Abeokuta Street, Behind Agege Stadium ",Agege Stadium,BA Led Outlets, ,Yes, , , , , , , , , , , , , , , , , , , , , ,5PM-6PM,Yes,Yes, , , , ,"Free drink, Recharge cards,",Yes,Yes,Poster is in good condition,1, , ,Yes,Yes,Yes,Yes, ,Yes,600,800,800,1200,600,800,800,No, ,The promo started by 4pm., ,6.6230356 3.3311052 39.3 4.9,6.6230356,3.3311052,39.3,4.9,338094465,9eada5d3-056b-4cdf-a092-07f9466adafc,2024-05-11 16:41:59, , ,submitted_via_web,folahann,veo69XEy4jTy669ZhXehWz, ,61,"2 Abeokuta St, Agege, Lagos 102212, Lagos, Nigeria",ChIJzdalAWWROxARckhBrMLDmfs
13,2024-05-10 17:23:57.613,2024-05-10 17:30:59.064,Fabulous, ,Lagos,Emkay Guest House,"1, Tiamiyu Stteey, Oregun Ikeja",Oregun High School,Self-Run, ,No, , , , , , , , , , , ,Others, , , , , , , ,1,They have not seen the people that will educate them on how to go about it., , , , , , , , , , , , , , , , , , , , , , , , , , , , , , , ,6.5974509 3.3662445 7.8 4.92,6.5974509,3.3662445,7.8,4.92,337853124,0944a0f6-b853-4a39-b8e9-51adcea4c73d,2024-05-10 18:22:56, , ,submitted_via_web,folahann,veo69XEy4jTy669ZhXehWz, ,14,"1 Tairu Olugbani St, Allen, Ikeja 101233, Lagos, Nigeria",ChIJ92WmokWSOxARKDpnxHCb3DE
80,2024-05-10 17:37:52.888,2024-05-11 20:49:48.344,OLAEGBE TEMITOPE, ,Lagos,NSPRI GUEST HOUSE,"28, Olarewaju street Akoka Lagos ",Akoka Lagos ,Self-Run, ,No, , , , , , , , , , , ,Others, , , , , , , ,1,"The address is church premises
Can't locate ", , , , , , , , , , , , , , , , , , , , , , , , , , , , , , , ,6.5304178 3.3891154 30.19999885559082 4.983,6.5304178,3.3891154,30.1999988555908,4.983,338135956,b3d38d9a-3ffc-4900-bd2c-c74ec89991bc,2024-05-11 21:09:27, , ,submitted_via_web,folahann,veo69XEy4jTy669ZhXehWz, ,81,"28 Folorunsho St, Akoka, Lagos 102216, Lagos, Nigeria",ChIJpfYgswSNOxAR4e72yoWqWvo
75,2024-05-10 16:09:17.304,2024-05-11 20:39:45.616,OLAEGBE TEMITOPE, ,Lagos,Madam harson,"22, shobande street Akoka Lagos ",Chemist bus stop ,Self-Run, ,No, , , , , , , , , , , ,Others, , , , , , , ,1,The place has been demolished , , , , , , , , , , , , , , , , , , , , , , , , , , , , , , , ,6.5287264 3.3864671 33.20000076293945 4.76,6.5287264,3.3864671,33.2000007629395,4.76,338135940,ad865ede-aa55-4765-bfe5-d7984e074b20,2024-05-11 21:09:20, , ,submitted_via_web,folahann,veo69XEy4jTy669ZhXehWz, ,76,"22 Shobande St, Akoka, Lagos 100001, Lagos, Nigeria",ChIJDbktmgONOxARJP4-Yd_pfco
76,2024-05-10 16:35:39.394,2024-05-11 20:42:18.176,OLAEGBE TEMITOPE, ,Lagos,Total filling station ,Finbarrs road Akoka Lagos ,Chemist bus stop Akoka Lagos ,Self-Run, ,No, , , , , , , , , , , ,Others, , , , , , , ,1,They are not selling Guinness , , , , , , , , , , , , , , , , , , , , , , , , , , , , , , , ,6.5285467 3.3867896 33.29999923706055 3.6,6.5285467,3.3867896,33.2999992370605,3.6,338135942,fc1e9e52-b3fa-4cd8-ac05-91b35b898811,2024-05-11 21:09:22, , ,submitted_via_web,folahann,veo69XEy4jTy669ZhXehWz, ,77,"65 St Finbarr's College Rd, Akoka, Lagos 100001, Lagos, Nigeria",ChIJkfHzdQONOxAR2zuD9J8OH1o
78,2024-05-10 16:55:10.584,2024-05-11 20:46:48.391,OLAEGBE TEMITOPE, ,Lagos,Lilly Best sup,"18,  Oyenga street Akoka Lagos ",Akoka ,Self-Run, ,No, , , , , , , , , , , ,Others, , , , , , , ,1,Can't locate , , , , , , , , , , , , , , , , , , , , , , , , , , , , , , , ,6.5247327 3.3864049 30.19999885559082 4.56,6.5247327,3.3864049,30.1999988555908,4.56,338135946,b346f5c5-a2bf-493c-a5d9-4430817c90a5,2024-05-11 21:09:24, , ,submitted_via_web,folahann,veo69XEy4jTy669ZhXehWz, ,79,"7 Oyenuga St, Akoka, Lagos 100001, Lagos, Nigeria",ChIJ832gfAKNOxARrtpUs8XsQIs
77,2024-05-10 16:53:45.649,2024-05-11 20:45:41.959,OLAEGBE TEMITOPE , ,Lagos,Alhaji oya 546,23 Oyenga street Akoka Lagos ,Chemist bus stop Akoka Lagos ,Self-Run, ,No, , , , , , , , , , , ,Others, , , , , , , ,1,"Can't locate
No outlets in that house ", , , , , , , , , , , , , , , , , , , , , , , , , , , , , , , ,6.5246911 3.3863971 28.799999237060547 4.816,6.5246911,3.3863971,28.7999992370605,4.816,338135943,f5663d23-3210-4c2b-be2b-f6f36eeb23ee,2024-05-11 21:09:23, , ,submitted_via_web,folahann,veo69XEy4jTy669ZhXehWz, ,78,"5 Chief Bright Oridami St, Akoka, Lagos 100001, Lagos, Nigeria",ChIJYTHdfgKNOxAR6-hrTSWMuTs
79,2024-05-10 17:08:11.482,2024-05-11 20:48:25.253,OLAEGBE TEMITOPE, ,Lagos,"D, Fun mercy","5, chief bright ridami street  Akoka Lagos ",Akoka Lagos ,Self-Run, ,No, , , , , , , , , , , ,Others, , , , , , , ,1,Can't locate , , , , , , , , , , , , , , , , , , , , , , , , , , , , , , , ,6.5244291 3.3862245 31.19999885559082 4.14,6.5244291,3.3862245,31.1999988555908,4.14,338135949,1ddeb27d-aa9e-4c17-904c-7e8d0546c1da,2024-05-11 21:09:25, , ,submitted_via_web,folahann,veo69XEy4jTy669ZhXehWz, ,80,"7 Moronfolu St, Akoka, Lagos 102216, Lagos, Nigeria",ChIJg8qEh_2MOxARGg1FhMSszEg
82,2024-05-11 18:09:01.920,2024-05-11 20:35:07.290,OLAEGBE TEMITOPE, ,Lagos,Crystal lounge (103),Commercial Avenue sabo Yaba Lagos,Opposite ozone Cinema sabo Yaba Lagos,BA Led Outlets, ,Yes, , , , , , , , , , , , , , , , , , , , , ,6PM-7PM,No, , , , , , ,Yes,No,"Poster not properly glued/pined to the wall, board etc.", , ,1,Yes,Yes,Yes,Yes, ,Yes,1000, ,1300,1500,700,1200,800,No, ,"No promo  poster on that outlets
Right address is Commercial Avenue opposite ozone Cinema sabo Yaba Lagos.
Promo material is not ready by the time an their.", ,6.5062777 3.3750866 39.80000305175781 4.2,6.5062777,3.3750866,39.8000030517578,4.2,338135960,a0ed6300-1b1b-4344-b0fa-d05e573fbd72,2024-05-11 21:09:29, , ,submitted_via_web,folahann,veo69XEy4jTy669ZhXehWz, ,83,"6 Commercial Ave, Sabo yaba, Lagos 101245, Lagos, Nigeria",ChIJXw5ojl6MOxARSFoAKUCgJDs
81,2024-05-11 16:24:54.426,2024-05-11 20:30:40.799,OLAEGBE TEMITOPE, ,Lagos,Gabjumo consine Garden and event,"5/7 Awonike crescent, Tejusho Yaba Lagos",Near Access bank Tejusho market Yaba Lagos,BA Led Outlets, ,Yes, , , , , , , , , , , , , , , , , , , , , ,5PM-6PM,Yes,Yes, , , , ,Free bottle,No, , , , , ,Yes,Yes,Yes,Yes, ,Yes,700, , ,1500,700,1000,800,No, ,No poster at the outlet, ,6.5055038 3.3674684 69.1 4.94,6.5055038,3.3674684,69.1,4.94,338135959,4b4bc3a4-210f-4b53-9ea7-8b05e4caf721,2024-05-11 21:09:28, , ,submitted_via_web,folahann,veo69XEy4jTy669ZhXehWz, ,82,"11 Awonaike Cres, Yaba, Lagos 101241, Lagos, Nigeria",ChIJt4x140KMOxARfYSCWvFjYE4
25,2024-05-10 18:02:25.935,2024-05-10 18:10:42.748,Susan Igbeh, ,Lagos,New Paradise Bar,62 Yaya crescent Olodi Apapa,Opposite Lifec Nursery and Primary School ,Self-Run, ,No, , , , , , , , , , , ,Not Aware of Promo,1, , , , , , , , , , , , , , , , , , , , , , , , , , , , , , , , , , , , , , , ,6.4493816 3.3362777 28.899999618530273 4.6,6.4493816,3.3362777,28.8999996185303,4.6,337872278,4b8e5f2a-39fd-43c0-ba3f-2882903cd98e,2024-05-10 19:59:54, , ,submitted_via_web,folahann,veo69XEy4jTy669ZhXehWz, ,26,"60 Yaya Cres, Apapa, Lagos 102103, Lagos, Nigeria",ChIJuWdp2HyJOxARoNpr6HimrPA
26,2024-05-10 17:47:41.717,2024-05-10 17:51:26.266,Susan Igbeh , ,Lagos,De Signature bar ,64 Idewu Street. Olodi Apapa,After Abbey Medical center ,Self-Run, ,No, , , , , , , , , , , ,Not Aware of Promo,1, , , , , , , , , , , , , , , , , , , , , , , , , , , , , , , , , , , , , , , ,6.4480165 3.3368422 26.899999618530273 4.866,6.4480165,3.3368422,26.8999996185303,4.866,337872280,ff48f128-917d-4317-85c7-627bf4258619,2024-05-10 19:59:55, , ,submitted_via_web,folahann,veo69XEy4jTy669ZhXehWz, ,27,"46 Muyibi St, Apapa, Lagos 102103, Lagos, Nigeria",ChIJm43kEX2JOxARc4_WtOzh3BM
47,2024-05-10 19:43:14.054,2024-05-10 19:45:12.957,Sunday Adeboye , ,Lagos,Volume bar,27 marcarthy street ,Onikan,Self-Run, ,No, , , , , , , , , , , ,Not Aware of Promo,1, , , , , , , , , , , , , , , , , , , , , , , , , , , , , , , , , , , , , , , ,6.4470024 3.4063559 27.100000381469727 4.866,6.4470024,3.4063559,27.1000003814697,4.866,337978912,fdc72f46-9d34-4a4a-9853-c2c88029e8fb,2024-05-11 09:04:45, , ,submitted_via_web,folahann,veo69XEy4jTy669ZhXehWz, ,48,"27 Macarthy Street, Lagos Island, Lagos 102273, Lagos, Nigeria",ChIJ9w3aUCSLOxAR-aBwPx2XOB4
48,2024-05-10 20:42:36.638,2024-05-10 20:46:10.006,Sunday Adeboye , ,Lagos,Village square bar/simi,Akanbi damola street ,Chief magistrate court,Self-Run, ,No, , , , , , , , , , , ,Not Aware of Promo,1, , , , , , , , , , , , , , , , , , , , , , , , , , , , , , , , , , , , , , , ,6.4441877 3.4195068 26.0 3.485,6.4441877,3.4195068,26,3.485,337978913,47d196ef-9a72-408a-a625-d5d6292380ef,2024-05-11 09:04:46, , ,submitted_via_web,folahann,veo69XEy4jTy669ZhXehWz, ,49,"15b Akanbi Danmole St, Ikoyi, Lagos 106104, Lagos, Nigeria",ChIJdeAwUyuLOxARQY9f8meK6_Q
24,2024-05-10 18:35:02.642,2024-05-10 18:38:49.483,Susan Igbeh , ,Lagos,Mr Kay hotel ,6 Amosu Lane Olodi Apapa ,After Top Grade Educational Center ,Self-Run, ,No, , , , , , , , , , , ,Not Aware of Promo,1, , , , , , , , , , , , , , , , , , , , , , , , , , , , , , , , , , , , , , , ,6.4420887 3.3343294 27.399999618530273 4.737,6.4420887,3.3343294,27.3999996185303,4.737,337872277,7b6dc156-1d6b-407a-85a2-d1c1b4dd3b89,2024-05-10 19:59:53, , ,submitted_via_web,folahann,veo69XEy4jTy669ZhXehWz, ,25,"63 Amosu Ln, Apapa, Lagos 102103, Lagos, Nigeria",ChIJN4vP1X6JOxARUMe69fqi9dI
46,2024-05-10 17:39:53.144,2024-05-10 17:43:03.203,Adeboye Sunday , ,Lagos,Emperor place,"20 balarabe musa cr, vi",KPMJ,Self-Run, ,No, , , , , , , , , , , ,Others, , , , , , , ,1,They are not aware of any FES OR ANY OTHER PROMO , , , , , , , , , , , , , , , , , , , , , , , , , , , , , , , ,6.437245 3.4370509 27.299999237060547 3.566,6.437245,3.4370509,27.2999992370605,3.566,337978909,122cc9ad-074d-44e8-adf9-75e91c2bb757,2024-05-11 09:04:45, , ,submitted_via_web,folahann,veo69XEy4jTy669ZhXehWz, ,47,"900 Balarabe Musa Cres, Victoria Island, Lagos 106104, Lagos, Nigeria",ChIJdQ2rWCD1OxARwZvxsm3BU-o
6,2024-05-10 18:20:22.131,2024-05-10 18:26:18.103,Isi, ,Central,Abuxhi Bar,"82 Lucky Way Benin city (72, Lucky Way Benin city)",Voice of Heaven intercessory Min,Self-Run, ,No, , , , , , , , , , , ,Others, , , , , , , ,1,Not aware, , , , , , , , , , , , , , , , , , , , , , , , , , , , , , , ,6.375655 5.6604497 146.29999999999998 3.9,6.375655,5.6604497,146.3,3.9,337837420,aa56bcb8-5a0c-4605-9fd5-c29b10bb0282,2024-05-10 17:26:32, , ,submitted_via_web,folahann,veo69XEy4jTy669ZhXehWz, ,7,"96 Lucky Igbinedion Way, Uselu, Benin City 300104, Edo, Nigeria",ChIJM5b6S7PUQBARKbEe8i4_1VE
69,2024-05-11 19:10:08.906,2024-05-11 19:12:05.159,Isi, ,Central,Farouk Bar,"Shop 29, EDP plaza, Benin Auchi Road",Benin Auchi Road,BA Led Outlets, ,No,Others, , , , , , , , ,1,Not located, , , , , , , , , , , , , , , , , , , , , , , , , , , , , , , , , , , , , , , , , ,6.351528 5.6618931 100.20000457763672 2.86,6.351528,5.6618931,100.200004577637,2.86,338111882,95ac1603-6dd5-472b-8410-4668205cd0dd,2024-05-11 18:12:14, , ,submitted_via_web,folahann,veo69XEy4jTy669ZhXehWz, ,70,"2 Benin Auchi Rd, Benin City 300104, Edo, Nigeria",ChIJT1ZjMJTUQBARkF8Vgrnz76I
74,2024-05-11 19:13:36.884,2024-05-11 20:08:00.059,Isi, ,Central,OG Bar,"100 Amufi Road, off Benin Agbor road",Amufi road,Self-Run, ,No, , , , , , , , , , , ,Others, , , , , , , ,1,The promo has ended some.weeks ago ( can't specify when), , , , , , , , , , , , , , , , , , , , , , , , , , , , , , , ,6.3504882 5.7227505 114.0 4.228,6.3504882,5.7227505,114,4.228,338120726,7047e6b1-2697-4247-b6be-1e158d8a1aa9,2024-05-11 19:08:09, , ,submitted_via_web,folahann,veo69XEy4jTy669ZhXehWz, ,75,,
62,2024-05-11 18:32:35.542,2024-05-11 18:35:11.049,Isi, ,Central,Delta Bar,"2 Jemila Road, Ikpoba Hill, Benin city",First gate,BA Led Outlets, ,Yes, , , , , , , , , , , , , , , , , , , , , ,5PM-6PM,Yes,Yes, , , , ,"Pepper soup, recharge card and free drink",Yes,Yes,Poster is in good condition,1, , ,Yes,Yes,Yes,Yes, ,Yes,1000,1200,1000,1200,700,1000,700,No, ,, ,6.34943 5.65579 93.1 4.4,6.34943,5.65579,93.1,4.4,338105949,bcca77f7-ac1c-4b48-8265-565118a36264,2024-05-11 17:35:20, , ,submitted_via_web,folahann,veo69XEy4jTy669ZhXehWz, ,63,,
19,2024-05-10 19:51:16.132,2024-05-10 19:53:41.565,"Isi
", ,Central,Rosrit Hotel,"Amufi Road, off Benin Agbor Road.","Amufi junction
",Self-Run, ,No, , , , , , , , , , , ,Others, , , , , , , ,1,Not aware, , , , , , , , , , , , , , , , , , , , , , , , , , , , , , , ,6.3416018 5.7184136 105.0 4.24,6.3416018,5.7184136,105,4.24,337860320,4d91ccb7-76ff-4260-b2be-5b325e966063,2024-05-10 18:53:52, , ,submitted_via_web,folahann,veo69XEy4jTy669ZhXehWz, ,20,"No. 5 Rosrit Street, Amufi Rd, opposite Jehovah junction bus stop, off Benin_Agbor Road, Quarters, Benin City 300001, Edo, Nigeria",ChIJof7tqiDVQBARybVt4jpsEjE
10,2024-05-10 18:57:44.397,2024-05-10 18:59:44.956,Gabriel Onyekachi, ,East,King S Shop(End Point),Town planning road off water works,First bank,Self-Run, ,No, , , , , , , , , , , ,Not Aware of Promo,1, , , , , , , , , , , , , , , , , , , , , , , , , , , , , , , , , , , , , , , ,6.3242242 8.1092268 0.8000000000000007 96.0,6.3242242,8.1092268,0.800000000000001,96,337846588,8615891f-25b2-4c22-9203-ab5bde3702f6,2024-05-10 18:00:01, , ,submitted_via_web,folahann,veo69XEy4jTy669ZhXehWz, ,11,"1 Ogoja Rd, reformed church, Abakaliki 480106, Ebonyi, Nigeria",ChIJif-UmWqgXBARaCfFIlJwO1o
16,2024-05-10 19:21:37.978,2024-05-10 19:25:58.979,Gabriel Onyekachi , ,East,Igwe Ndubuisi(Igwe Micheal),52 Ogoja Road ,St Theresa church ,Self-Run, ,No, , , , , , , , , , , ,Not Aware of Promo,1, , , , , , , , , , , , , , , , , , , , , , , , , , , , , , , , , , , , , , , ,6.31643 8.1184062 78.4 5.1,6.31643,8.1184062,78.4,5.1,337854058,2fc8e5c2-906b-493f-9d2f-494e135a2bbd,2024-05-10 18:26:11, , ,submitted_via_web,folahann,veo69XEy4jTy669ZhXehWz, ,17,"6FRC8489+GCF2, 54 Ogoja Rd, Azuiyi Udene, Abakaliki 480101, Ebonyi, Nigeria",ChIJiXPywTugXBARk6u9jav3Pyo
51,2024-05-10 18:00:40.228,2024-05-10 18:05:13.063,Norah Obunadike, ,Central,Onitsha Sports Club,"3 Egerton road, GRA Onitsha","Opposite State Library, Onitsha ",Self-Run, ,No, , , , , , , , , , , ,Not Aware of Promo,1, , , , , , , , , , , , , , , , , , , , , , , , , , , , , , , , , , , , , , , ,6.1594486 6.7812316 50.4 4.852,6.1594486,6.7812316,50.4,4.852,337986965,bdcab37b-fc20-40d5-8f3f-bb0043213afd,2024-05-11 09:36:38, , ,submitted_via_web,folahann,veo69XEy4jTy669ZhXehWz, ,52,"5 Enugu Rd, GRA, Onitsha 434106, Anambra, Nigeria",ChIJY-NJ3-SSQxARSvPbohD3iTM
70,2024-05-11 16:47:19.304,2024-05-11 17:07:42.707,Norah Obunadike, ,Central,Mama munachi shop,"14 Ezeiweka street, Awada Obosi",Beside NIPCO filling station,Self-Run, ,No, , , , , , , , , , , ,Others, , , , , , , ,1,Outlet not located. Wrong address, , , , , , , , , , , , , , , , , , , , , , , , , , , , , , , ,6.1259441 6.8009667 136.89999389648438 5.0,6.1259441,6.8009667,136.899993896484,5,338115247,e3a23c9e-6ee4-4279-8f1b-8aece334e9d2,2024-05-11 18:31:16, , ,submitted_via_web,folahann,veo69XEy4jTy669ZhXehWz, ,71,"6a Ezeiweka Rd, Awada Layout, Onitsha 434243, Anambra, Nigeria",ChIJAwnfJ5qTQxARlkl-qjKnDQg
50,2024-05-10 19:52:53.260,2024-05-10 19:55:08.513,Julieth , ,Central,Eze-Ewu Bar,"83/85 Nwaziki Street, Awada Obosi ",Beside Summer international school ,Self-Run, ,No, , , , , , , , , , , ,Not Aware of Promo,1, , , , , , , , , , , , , , , , , , , , , , , , , , , , , , , , , , , , , , , ,6.1203611 6.8056461 134.55731201171875 4.288,6.1203611,6.8056461,134.557312011719,4.288,337986409,0e3bf5f1-ea8a-4326-8d34-0153ba991ebb,2024-05-11 09:34:41, , ,submitted_via_web,folahann,veo69XEy4jTy669ZhXehWz, ,51,"82 Ezeiweka Rd, Awada Layout, Obosi 434109, Anambra, Nigeria",ChIJw0-wzZGTQxARDfw8WZgA2HI
52,2024-05-10 19:29:43.052,2024-05-10 19:36:14.890,Norah Obunadike, ,Central,Madam Exclusive bar,"3 Ezira street Awada, Obosi ","Beside Silver Guest Hotel, Awada Obosi",Self-Run, ,No, , , , , , , , , , , ,Not Aware of Promo,1, , , , , , , , , , , , , , , , , , , , , , , , , , , , , , , , , , , , , , , ,6.119279 6.8131325 150.0 4.8,6.119279,6.8131325,150,4.8,337986967,f80b2924-946a-4fe6-9aa6-a5cdc5fd013d,2024-05-11 09:36:38, , ,submitted_via_web,folahann,veo69XEy4jTy669ZhXehWz, ,53,,
49,2024-05-10 19:04:11.304,2024-05-10 20:46:53.526, , ,Central,Sonia Resorts,96 Eziweka Road Obosi,After Chili's fast food. ,Self-Run, ,No, , , , , , , , , , , ,Not Aware of Promo,1, , , , , , , , , , , , , , , , , , , , , , , , , , , , , , , , , , , , , , , ,6.1189036 6.8101128 114.475830078125 4.288,6.1189036,6.8101128,114.475830078125,4.288,337986404,54f87d19-6ca7-4087-88f5-258cfa3d51ce,2024-05-11 09:34:40, , ,submitted_via_web,folahann,veo69XEy4jTy669ZhXehWz, ,50,,
68,2024-05-11 18:53:18.508,2024-05-11 18:54:52.355,Bankole Adewale , ,Central,Urephill Guest house,Esiovo lane ,Unity bank,Self-Run, ,No, , , , , , , , , , , ,Not Aware of Promo,1, , , , , , , , , , , , , , , , , , , , , , , , , , , , , , , , , , , , , , , ,5.5292208 5.7757917 26.600000381469727 4.3,5.5292208,5.7757917,26.6000003814697,4.3,338108959,6f49f0ef-e3a7-489f-bf5b-3614fd65268e,2024-05-11 17:55:08, , ,submitted_via_web,folahann,veo69XEy4jTy669ZhXehWz, ,69,,
23,2024-05-10 20:05:37.796,2024-05-10 20:08:14.345,Bankole Adewale , ,Central,Orange hotel,Dsc express way ,Redeem church ,Self-Run, ,No, , , , , , , , , , , ,Not Aware of Promo,1, , , , , , , , , , , , , , , , , , , , , , , , , , , , , , , , , , , , , , , ,5.4965305 5.7975825 26.5 5.02,5.4965305,5.7975825,26.5,5.02,337863313,49a3b78b-924e-40b7-a49d-7cd861d831a5,2024-05-10 19:08:26, , ,submitted_via_web,folahann,veo69XEy4jTy669ZhXehWz, ,24,,
67,2024-05-11 17:49:50.392,2024-05-11 17:50:45.442,Bankole Adewale , ,Central,Romance hotel,Opposite otuama junction ,Otuama junction ,Self-Run, ,No, , , , , , , , , , , ,Not Aware of Promo,1, , , , , , , , , , , , , , , , , , , , , , , , , , , , , , , , , , , , , , , ,5.4796457 5.8105797 27.19999885559082 4.733,5.4796457,5.8105797,27.1999988555908,4.733,338108954,61676147-409b-4354-9b43-a3624f930529,2024-05-11 17:55:07, , ,submitted_via_web,folahann,veo69XEy4jTy669ZhXehWz, ,68,,
66,2024-05-11 17:41:15.195,2024-05-11 17:43:14.841,Adewale bankole , ,Central,Queensley Garden,Opp otuama house otuama street ,Otuama house ,Self-Run, ,No, , , , , , , , , , , ,Not Aware of Promo,1, , , , , , , , , , , , , , , , , , , , , , , , , , , , , , , , , , , , , , , ,5.4774826 5.8109478 27.399999618530273 4.9,5.4774826,5.8109478,27.3999996185303,4.9,338108951,7b3b37a6-f943-4d06-90f4-be78608c56ed,2024-05-11 17:55:07, , ,submitted_via_web,folahann,veo69XEy4jTy669ZhXehWz, ,67,,
29,2024-05-10 21:05:37.806,2024-05-10 21:17:23.836,Kufre Akpan, ,East,Cafe de Angelo,"2, Nkereuwem street, off 4lanes uyo",Akwa Resort Ltd,Self-Run, ,Yes, , , , , , , , , , , , , , , , , , , , , ,5PM-6PM,Yes,Yes, , , , ,Recharge cards,No, , , , , , , , , , ,Yes,800,1000,1000,1200,700,1000,800,Yes,"Buy 2 and get gift items like pen, jotter, bucket hats etc",Customers are impressed about the promo , ,5.0100303 7.9505173 61.7 4.816,5.0100303,7.9505173,61.7,4.816,337876472,a0f7b386-5424-41a7-a6f2-8781019952be,2024-05-10 20:21:24, , ,submitted_via_web,folahann,veo69XEy4jTy669ZhXehWz, ,30,"5 M Line, Ewet Housing Estate, Uyo 520101, Akwa Ibom, Nigeria",ChIJYyWCngf4ZxARh1RXBM0GR7Y
28,2024-05-10 18:53:15.072,2024-05-10 18:56:13.012,Kufre Akpan, ,East,Akmag hotel,"50 Akwa efak street off udo udoma street, uyo",Doctor's Mess,Self-Run, ,No, , , , , , , , , , , ,Not Aware of Promo,1, , , , , , , , , , , , , , , , , , , , , , , , , , , , , , , , , , , , , , , ,5.0013389 7.9402081 61.3 4.96,5.0013389,7.9402081,61.3,4.96,337876455,972f5a1e-a692-43ee-9cb8-2d1930527220,2024-05-10 20:21:22, , ,submitted_via_web,folahann,veo69XEy4jTy669ZhXehWz, ,29,"84 John Udo Akpan St, Uyo 520102, Akwa Ibom, Nigeria",ChIJA5rY8g34ZxARVRhmgod60bw
27,2024-05-10 18:12:31.265,2024-05-10 18:19:43.735,Kufre Akpan, ,East,Happy Feel Bar, Uyeh Estate opp. Timber Market by New ring road ( Ifa Ikot Akpan Mbia Uyo),Timber Market,Self-Run, ,No, , , , , , , , , , , ,Not Aware of Promo,1, , , , , , , , , , , , , , , , , , , , , , , , , , , , , , , , , , , , , , , ,5.000786 7.9679699 56.8 5.0,5.000786,7.9679699,56.8,5,337876436,0a5c1e53-3dfc-4841-a03d-e3542f36074e,2024-05-10 20:21:17, , ,submitted_via_web,folahann,veo69XEy4jTy669ZhXehWz, ,28,"2 Ring Rd 3, Uyo 520102, Akwa Ibom, Nigeria",EhQyIFJpbmcgUmQgMywgTmlnZXJpYSIaEhgKFAoSCUXUbcT292cQESQf0-VJwf0qEAI
83,2024-05-10 16:50:11.378,2024-05-10 16:55:10.758,Paschal kalada, ,East,Hartford hotel ,Along iwofe road by Ada George opposite former pepperoni ,Opposite Barata pharmacy ,Self-Run, ,No, , , , , , , , , , , ,Not Aware of Promo Others,1, , , , , , ,1,Not aware of promo that is going on, , , , , , , , , , , , , , , , , , , , , , , , , , , , , , , ,4.8287097610824885 6.976860165596008 65.0 0.0,4.82870976108249,6.97686016559601,65, ,338183845,f3c6979e-1b82-4403-af2c-ed8edeed8ef4,2024-05-12 06:55:34, , ,submitted_via_web,folahann,veo69XEy4jTy669ZhXehWz, ,84,"6 Ada-George Road, Rumuafrikom, Port Harcourt 500102, Rivers, Nigeria",EjY2IEFkYS1HZW9yZ2UgUm9hZCwgUnVtdWFmcmlrb20sIFBvcnQgSGFyY291cnQsIE5pZ2VyaWEiGhIYChQKEgnFg7A8Rc5pEBGL7m0-IgaJoRAG
84,2024-05-10 17:46:09.233,2024-05-10 17:50:31.734,Paschal kalada , ,East,All weather ,Iwofe road by st. John's junction port Harcourt ,St. John's church iwofe road port Harcourt ,Self-Run, ,No, , , , , , , , , , , ,Not Aware of Promo Others,1, , , , , , ,1,They have no knowledge about a promo for now, , , , , , , , , , , , , , , , , , , , , , , , , , , , , , , ,4.819841719940714 6.957385651767254 65.0 0.0,4.81984171994071,6.95738565176725,65, ,338183861,60c70bc5-0aec-4712-bd23-3464d8345a67,2024-05-12 06:55:38, , ,submitted_via_web,folahann,veo69XEy4jTy669ZhXehWz, ,85,"15 Rumuepirikom/Iwofe Rd, Obio/Akpor 500102, Rivers, Nigeria",ChIJE7l9aanPaRAR9D6SxrjthRQ
85,2024-05-10 18:46:05.718,2024-05-10 18:47:56.741,Paschal kalada, ,East,Vegas brothers ,Iwofe road after market square port Harcourt ,Market square iwofe road ,Self-Run, ,No, , , , , , , , , , , ,Not Aware of Promo Others,1, , , , , , ,1,They have no knowledge about a promo for now , , , , , , , , , , , , , , , , , , , , , , , , , , , , , , , ,4.813895884763292 6.950983889400959 65.0 0.0,4.81389588476329,6.95098388940096,65, ,338183874,0dfa08b7-2e28-4648-a5b3-648d94e2169e,2024-05-12 06:55:46, , ,submitted_via_web,folahann,veo69XEy4jTy669ZhXehWz, ,86,"125 Epirikom Road, Port Harcourt 500102, Rivers, Nigeria",EikxMjUgRXBpcmlrb20gUm9hZCwgUG9ydCBIYXJjb3VydCwgTmlnZXJpYSIaEhgKFAoSCVc4VqsJz2kQEQvLzimYa5AOEH0
64,2024-05-10 18:29:58.297,2024-05-10 18:31:19.165,Clever Onisojime, ,East,De planet,Woji road,Close to De Boss,Self-Run, ,No, , , , , , , , , , , ,Not Aware of Promo Others,1, , , , , , ,1,They are not aware of promo, , , , , , , , , , , , , , , , , , , , , , , , , , , , , , , ,4.813178 6.9972501 54.854 2.213,4.813178,6.9972501,54.854,2.213,338106909,68e69950-8bed-4277-b111-f9eb09c3c950,2024-05-11 17:41:44, , ,submitted_via_web,folahann,veo69XEy4jTy669ZhXehWz, ,65,"119 Woji Road, GRA PHASE 3, Port Harcourt 500001, Rivers, Nigeria",ChIJBQzJN4bOaRARSs7jfQX-BG8
63,2024-05-10 18:27:12.064,2024-05-10 18:29:30.331,Clever Onisojime, ,East,The Boss,"86 Woji road, port Harcourt ",Close to De planet,Self-Run, ,No, , , , , , , , , , , ,Not Aware of Promo,1, , , , , , , , , , , , , , , , , , , , , , , , , , , , , , , , , , , , , , , ,4.8131717 6.9972029 51.10000228881836 13.03,4.8131717,6.9972029,51.1000022888184,13.03,338106908,372dfdcf-707e-468f-9297-8b32fa5b2d34,2024-05-11 17:41:43, , ,submitted_via_web,folahann,veo69XEy4jTy669ZhXehWz, ,64,"119 Woji Road, GRA PHASE 3, Port Harcourt 500001, Rivers, Nigeria",ChIJBQzJN4bOaRARSs7jfQX-BG8
65,2024-05-10 18:36:36.655,2024-05-10 18:41:21.091,Clever Onisojime, ,East,The 411 Lounge,93 Woji road ,Opposite Beverly hills Resort,Self-Run, ,No, , , , , , , , , , , ,Not Aware of Promo Others,1, , , , , , ,1,They are not aware of Promo, , , , , , , , , , , , , , , , , , , , , , , , , , , , , , , ,4.8118586 7.0011799 33.0 9.444,4.8118586,7.0011799,33,9.444,338106910,3449cecc-598d-433e-9d31-8dab94a083f3,2024-05-11 17:41:44, , ,submitted_via_web,folahann,veo69XEy4jTy669ZhXehWz, ,66,"61 Woji Road, Ogbunabali, Port Harcourt 500101, Rivers, Nigeria",ChIJq6qas4bOaRARnmG4YpA2lTg
